date,return
2018-01-03,0.006325231123739394
2018-01-04,0.004215032631984972
2018-01-05,0.006663739858574935
2018-01-08,0.0018287492457935706
2018-01-09,0.0022636964999331877
2018-01-10,-0.0015300936684085054
2018-01-11,0.007296379851484014
2018-01-12,0.006518705878876041
2018-01-16,-0.0034182447100660207
2018-01-17,0.009531416696249462
2018-01-18,-0.001680675698286449
2018-01-19,0.004549694121841252
2018-01-22,0.008130988601103173
2018-01-23,0.0021222796614284167
2018-01-24,-0.0003883307909455791
2018-01-25,0.0004240146254212984
2018-01-26,0.011577497679892801
2018-01-29,-0.006629782791269245
2018-01-30,-0.010256947185376286
2018-01-31,0.0004967164861950923
2018-02-01,-0.0011347970618795777
2018-02-02,-0.021770269635525863
2018-02-05,-0.04182248726168403
2018-02-06,0.019702296640456085
2018-02-07,-0.005424917850849309
2018-02-08,-0.037509036267534546
2018-02-09,0.015021603092178593
2018-02-12,0.014684386256270221
2018-02-13,0.0024876061140455263
2018-02-14,0.013496181427884224
2018-02-15,0.012760124537071205
2018-02-16,0.0002930583296256728
2018-02-20,-0.006261495276293716
2018-02-21,-0.004973883274689173
2018-02-22,0.0012959902728064687
2018-02-23,0.01593910828027112
2018-02-26,0.011612130619665706
2018-02-27,-0.012486006691405094
2018-02-28,-0.010130310752364813
2018-03-01,-0.014540939946378173
2018-03-02,0.0051550050384960855
2018-03-05,0.011557989838601568
2018-03-06,0.002534889023971143
2018-03-07,-0.00036620758090244454
2018-03-08,0.0048391335117885514
2018-03-09,0.017402520302803648
2018-03-12,-0.0012552490358413992
2018-03-13,-0.006462660199309522
2018-03-14,-0.0051317955586417385
2018-03-15,-0.0010895933348791242
2018-03-16,0.0010841805701009566
2018-03-19,-0.01353001240260554
2018-03-20,0.0017006810299962094
2018-03-21,-0.001919535106811865
2018-03-22,-0.024996981725301848
2018-03-23,-0.02131464183610321
2018-03-26,0.027358944466651325
2018-03-27,-0.017011450501919545
2018-03-28,-0.00295490196350523
2018-03-29,0.012777508372281199
2018-04-02,-0.021584553844446464
2018-04-03,0.012816978369727172
2018-04-04,0.010699140468506174
2018-04-05,0.007891861865368055
2018-04-06,-0.02228575781099329
2018-04-09,0.004928329997544889
2018-04-10,0.01590046977176196
2018-04-11,-0.005242464128295321
2018-04-12,0.00822739493552227
2018-04-13,-0.00293317018732997
2018-04-16,0.00822173619069999
2018-04-17,0.010698506092087667
2018-04-18,0.0007404525721581567
2018-04-19,-0.005547756843035878
2018-04-20,-0.008479523194208416
2018-04-23,-0.00014978197325188347
2018-04-24,-0.013467474710412097
2018-04-25,0.0024716295612290384
2018-04-26,0.010165550014461733
2018-04-27,0.0009389540216440118
2018-04-30,-0.0076907662096221685
2018-05-01,0.0017769543698689105
2018-05-02,-0.0067171840219102386
2018-05-03,-0.0022039998209949507
2018-05-04,0.012946208647325097
2018-05-07,0.0033835576189049643
2018-05-08,0.0
2018-05-09,0.009665812866637147
2018-05-10,0.009350728150687049
2018-05-11,0.003051211919673724
2018-05-14,0.00047655793770018384
2018-05-15,-0.0068870224515821254
2018-05-16,0.004205040789549974
2018-05-17,-0.0008446847198786411
2018-05-18,-0.0025003648053522065
2018-05-21,0.007518691057632365
2018-05-22,-0.0027799565960914263
2018-05-23,0.002751069172410192
2018-05-24,-0.0020485700074232005
2018-05-25,-0.0023826585181840887
2018-05-29,-0.01150097739705247
2018-05-30,0.013344763032808293
2018-05-31,-0.0061261065043785035
2018-06-01,0.009817811848185087
2018-06-04,0.004751319938720133
2018-06-05,0.0007273277149131285
2018-06-06,0.008361162876046269
2018-06-07,-0.00010851007656975664
2018-06-08,0.0029564133900321643
2018-06-11,0.001329745171379182
2018-06-12,0.00129268108585201
2018-06-13,-0.0031910122681659825
2018-06-14,0.0025177010175228
2018-06-15,-0.001275520605903746
2018-06-18,-0.0020569495164015628
2018-06-19,-0.0038327136500294623
2018-06-20,0.0017059098529159655
2018-06-21,-0.00626878414473131
2018-06-22,0.0018232051140760763
2018-06-25,-0.013612900170339115
2018-06-26,0.0022142438957737376
2018-06-27,-0.00828429623783411
2018-06-28,0.005717401104477826
2018-06-29,0.0014397827067864633
2018-07-02,0.002137958617306035
2018-07-03,-0.003531469031968326
2018-07-05,0.008158321557599102
2018-07-06,0.008458187994744959
2018-07-09,0.009004204485028922
2018-07-10,0.0035981394889763596
2018-07-11,-0.007314065192248642
2018-07-12,0.00906567060079988
2018-07-13,0.0007879066877936047
2018-07-16,-0.0008942812964424229
2018-07-17,0.004045204911737432
2018-07-18,0.002103662256129235
2018-07-19,-0.0037715921132461805
2018-07-20,-0.0011426491165362762
2018-07-23,0.0018591511137222572
2018-07-24,0.005032253138405274
2018-07-25,0.008522484636133365
2018-07-26,-0.0023592661466614873
2018-07-27,-0.006775984651435474
2018-07-30,-0.005223826090463235
2018-07-31,0.004929522222745453
2018-08-01,-0.0016706190717351577
2018-08-02,0.005447814529299988
2018-08-03,0.0042844689215735254
2018-08-06,0.003667088675541663
2018-08-07,0.003302263866602262
2018-08-08,-0.0004200235181954781
2018-08-09,-0.0013661154601776193
2018-08-10,-0.006700224417256595
2018-08-13,-0.0037434397326605584
2018-08-14,0.006380929236417199
2018-08-15,-0.007467845818861951
2018-08-16,0.008091780172778007
2018-08-17,0.003520231918889616
2018-08-20,0.002139730666965045
2018-08-21,0.002345377635324386
2018-08-22,-0.000593488900506256
2018-08-23,-0.0013278011977587711
2018-08-24,0.0060184708082600125
2018-08-27,0.007895390061724239
2018-08-28,0.00048285589443275434
2018-08-29,0.005380872335196907
2018-08-30,-0.0040482848780515335
2018-08-31,3.4605092121609005e-05
2018-09-04,-0.0017223999985828131
2018-09-05,-0.0026912203255041733
2018-09-06,-0.0030105850314410265
2018-09-07,-0.0019431155336921968
2018-09-10,0.0017387493617531113
2018-09-11,0.003297354048020562
2018-09-12,0.00024197838682260553
2018-09-13,0.005914940270108193
2018-09-14,0.00017176695856835345
2018-09-17,-0.005294629344120838
2018-09-18,0.005426497408863584
2018-09-19,0.0010653224518561988
2018-09-20,0.008103799079657525
2018-09-21,-0.0009132712324466663
2018-09-24,-0.0033222261264603814
2018-09-25,-0.0009277085189092205
2018-09-26,-0.002992084850868215
2018-09-27,0.0027940699779711586
2018-09-28,0.00010309136724862
2018-10-01,0.003474220129038752
2018-10-02,-0.0005828818300103178
2018-10-03,0.0005492726994962283
2018-10-04,-0.007815936005780788
2018-10-05,-0.005597225031087505
2018-10-08,0.0
2018-10-09,-0.0014590940193035529
2018-10-10,-0.03166320401371636
2018-10-11,-0.022026840169657724
2018-10-12,0.013889071772389405
2018-10-15,-0.005617224977439328
2018-10-16,0.02186567625059399
2018-10-17,0.00017850975093547383
2018-10-18,-0.014441009436387153
2018-10-19,-0.0005430939424712067
2018-10-22,-0.00448851960892549
2018-10-23,-0.005091022821484104
2018-10-24,-0.030298392026246512
2018-10-25,0.017940561289697676
2018-10-26,-0.01758740513960877
2018-10-29,-0.005540082108784206
2018-10-30,0.014818428140111806
2018-10-31,0.010680734036051742
2018-11-01,0.010641893617512332
2018-11-02,-0.005922911982439327
2018-11-05,0.005517009356118763
2018-11-06,0.006327889957599808
2018-11-07,0.02140860600777117
2018-11-08,-0.0018148066432016607
2018-11-09,-0.009768175798812506
2018-11-12,-0.018685247730969134
2018-11-13,-0.0018712514863823415
2018-11-14,-0.006836502605700678
2018-11-15,0.010436568006234603
2018-11-16,0.0026006325403420405
2018-11-19,-0.016914348929115364
2018-11-20,-0.018506201288455593
2018-11-21,0.0034075481031787813
2018-11-23,-0.006678746657680645
2018-11-26,0.01614425940866271
2018-11-27,0.003364492277591724
2018-11-28,0.023025352831977264
2018-11-29,-0.0021852217009625807
2018-11-30,0.006095506968731845
2018-12-03,0.013241277024355291
2018-12-04,-0.0324023840130202
2018-12-06,-0.0015173291773281639
2018-12-07,-0.023235906694868635
2018-12-10,0.0018971409050578814
2018-12-11,0.000227161202960513
2018-12-12,0.0050353076298232935
2018-12-13,-0.00033898980651925203
2018-12-14,-0.018464585353594076
2018-12-17,-0.019618484264230185
2018-12-18,-0.0010966893015051937
2018-12-19,-0.014975573043794599
2018-12-20,-0.016277897733949054
2018-12-21,-0.020489444713297944
2018-12-24,-0.026423044465478496
2018-12-26,0.05052490264778342
2018-12-27,0.0076772253067447505
2018-12-28,-0.001290068239151898
2018-12-31,0.008759100593272118
2019-01-02,0.0010401242473594419
2019-01-03,-0.023862531850844304
2019-01-04,0.03349569442506839
2019-01-07,0.007884414357788527
2019-01-08,0.009395421212865962
2019-01-09,0.004673675616252204
2019-01-10,0.00352739323522111
2019-01-11,0.00038641869369904214
2019-01-14,-0.006100842658296246
2019-01-15,0.011460345555162066
2019-01-16,0.002419989133705336
2019-01-17,0.007586938121995956
2019-01-18,0.013310034782649138
2019-01-22,-0.013510758290863345
2019-01-23,0.002092478270641296
2019-01-24,0.0005315280103410647
2019-01-25,0.008461496665487234
2019-01-28,-0.0076004458165565
2019-01-29,-0.0013269281240833042
2019-01-30,0.01583092926194385
2019-01-31,0.008782164132409509
2019-02-01,0.0004816041907484969
2019-02-04,0.0070356258267894045
2019-02-05,0.0041917207697208525
2019-02-06,-0.0013182641556838126
2019-02-07,-0.009532596932817494
2019-02-08,0.001221351070789467
2019-02-11,0.0005548530414163366
2019-02-12,0.012859245230236072
2019-02-13,0.0032468987517755288
2019-02-14,-0.002218038715508186
2019-02-15,0.010897305049285988
2019-02-19,0.0017303815060583094
2019-02-20,0.0020155558139263174
2019-02-21,-0.003555824240583094
2019-02-22,0.006199946216656205
2019-02-25,0.0013609762267705605
2019-02-26,-0.0007151029053779068
2019-02-27,-0.00043000051449415544
2019-02-28,-0.0018623950910117149
2019-03-01,0.006244062040621445
2019-03-04,-0.003637732365804558
2019-03-05,-0.001360135165785259
2019-03-06,-0.006056643192375533
2019-03-07,-0.008365492578652156
2019-03-08,-0.0020000317112807142
2019-03-11,0.014501192328912671
2019-03-12,0.003771212805439461
2019-03-13,0.006618975899043145
2019-03-14,-0.0006395557352167902
2019-03-15,0.004940554158420873
2019-03-18,0.0036255736097969837
2019-03-19,0.0002480036157670451
2019-03-20,-0.003009700369269286
2019-03-21,0.011294693512373
2019-03-22,-0.019246600585160478
2019-03-25,-0.0007517934641636526
2019-03-26,0.007453972792545338
2019-03-27,-0.005228929641064917
2019-03-28,0.003790557903411651
2019-03-29,0.006305253637851171
2019-04-01,0.01185927886088245
2019-04-02,0.0004899334919716836
2019-04-03,0.0015732809008754955
2019-04-04,0.002653402524288806
2019-04-05,0.004840423660889659
2019-04-08,0.000762635407590917
2019-04-09,-0.005125206657785042
2019-04-10,0.0034109277154250606
2019-04-11,-0.0002772717444740058
2019-04-12,0.006765618942889073
2019-04-15,-0.0006544802086978496
2019-04-16,0.000654908833567891
2019-04-17,-0.0024464123225315104
2019-04-18,0.001969189554366313
2019-04-22,0.00086180033328076
2019-04-23,0.008991645825944916
2019-04-24,-0.00221951602992132
2019-04-25,-0.0006159704204714567
2019-04-26,0.004656867224913874
2019-04-29,0.0015677006006198368
2019-04-30,0.0005104440414798184
2019-05-01,-0.007516360635013153
2019-05-02,-0.002158999024699293
2019-05-03,0.009787684622067694
2019-05-06,-0.004114996532822657
2019-05-07,-0.01670002602907128
2019-05-08,-0.0013887961603705756
2019-05-09,-0.0030260897724299074
2019-05-10,0.005023512949299702
2019-05-13,-0.025130451128657194
2019-05-14,0.00904378536722672
2019-05-15,0.005857668659437154
2019-05-16,0.009261227973739183
2019-05-17,-0.00646524694904127
2019-05-20,-0.006612275117166222
2019-05-21,0.009015805948207056
2019-05-22,-0.0030714139411557317
2019-05-23,-0.012218649859978448
2019-05-24,0.0022681414645393527
2019-05-28,-0.009300240906508161
2019-05-29,-0.006710757453819438
2019-05-30,0.0027313582251524693
2019-05-31,-0.013475204225760096
2019-06-03,-0.0025432124584824356
2019-06-04,0.021707091673978107
2019-06-05,0.00866193233446455
2019-06-06,0.006502747396745834
2019-06-07,0.010007181625856454
2019-06-10,0.004588449538154071
2019-06-11,-0.00024259721893560293
2019-06-12,-0.001764899112954632
2019-06-13,0.004126237903587127
2019-06-14,-0.0011044964216159192
2019-06-17,0.0003801744013567365
2019-06-18,0.010470612478641561
2019-06-19,0.002257014231529686
2019-06-20,0.009554627325150555
2019-06-21,-0.0014535449699681902
2019-06-24,-0.0012245436607908333
2019-06-25,-0.009807673063214173
2019-06-26,-0.0009975583121225595
2019-06-27,0.003545927311210173
2019-06-28,0.005145485808507377
2019-07-01,0.009078875137468412
2019-07-02,0.002604090856161312
2019-07-03,0.007995117478582836
2019-07-05,-0.0011376976469765765
2019-07-08,-0.005494902860562201
2019-07-09,0.0012465513118693483
2019-07-10,0.0047781729043341326
2019-07-11,0.002344172749093154
2019-07-12,0.004477098244544342
2019-07-15,0.0003323539032293876
2019-07-16,-0.003224952871619946
2019-07-17,-0.0068052136294035614
2019-07-18,0.0036610231961915485
2019-07-19,-0.005554816743476909
2019-07-22,0.00245633725054506
2019-07-23,0.007149837576537976
2019-07-24,0.0046996626561324195
2019-07-25,-0.004777057098603099
2019-07-26,0.0066998089531242755
2019-07-29,-0.0018211626919810708
2019-07-30,-0.002454618170754652
2019-07-31,-0.010940419963205827
2019-08-01,-0.00870773752331433
2019-08-02,-0.007529762071058599
2019-08-05,-0.0300728390572228
2019-08-06,0.014022771248154209
2019-08-07,0.0005906490995288838
2019-08-08,0.019620250947738116
2019-08-09,-0.006811608142738401
2019-08-12,-0.012173361450537823
2019-08-13,0.015551630144588602
2019-08-14,-0.029567470714037203
2019-08-15,0.0026418521102842263
2019-08-16,0.014755177653175133
2019-08-19,0.012047759438697847
2019-08-20,-0.007662959513907941
2019-08-21,0.008135430568537938
2019-08-22,-0.0003077584915534004
2019-08-23,-0.02568763280986397
2019-08-26,0.01105870522040564
2019-08-27,-0.00392352437064436
2019-08-28,0.007041149198808272
2019-08-29,0.01277336074330937
2019-08-30,-0.0004444829019447649
2019-09-03,-0.0058472963755660246
2019-09-04,0.01135054143287606
2019-09-05,0.012855617367723893
2019-09-06,0.0007720615544954956
2019-09-09,0.0005033310430380133
2019-09-10,-0.00023473958732056488
2019-09-11,0.007110941399324444
2019-09-12,0.0034639079026459463
2019-09-13,-0.0006639654246979321
2019-09-16,-0.003088541387504251
2019-09-17,0.002531782818443462
2019-09-18,0.0005983037000754088
2019-09-19,-6.666176101610688e-05
2019-09-20,-0.004724925410901637
2019-09-23,-0.00023449552607224255
2019-09-24,-0.007846556820706896
2019-09-25,0.005914548801446706
2019-09-26,-0.002083091805257342
2019-09-27,-0.005387342123606698
2019-09-30,0.004637522352644696
2019-10-01,-0.011894384407107661
2019-10-02,-0.01766483245274708
2019-10-03,0.008192743593196106
2019-10-04,0.013532205002344533
2019-10-07,-0.004314793705108233
2019-10-08,-0.01552486293833355
2019-10-09,0.009496816937822894
2019-10-10,0.006763418573502822
2019-10-11,0.010367084353107181
2019-10-14,-0.0011138605892945241
2019-10-15,0.009899999231041567
2019-10-16,-0.0016061488717711292
2019-10-17,0.002949193811134343
2019-10-18,-0.004376787994495146
2019-10-21,0.006779026339219119
2019-10-22,-0.003266677435851184
2019-10-23,0.002909374669122222
2019-10-24,0.001634161257778599
2019-10-25,0.004094949161595585
2019-10-28,0.005636179315567036
2019-10-29,-0.000296267721857868
2019-10-30,0.003067196876313405
2019-10-31,-0.002663665444412433
2019-11-01,0.009264042307036258
2019-11-04,0.004017879201697605
2019-11-05,-0.0011060099303533688
2019-11-06,0.00022781258066095766
2019-11-07,0.003516668704525605
2019-11-08,0.002466290089838008
2019-11-11,-0.0019098111973433474
2019-11-12,0.002107851080500156
2019-11-13,0.0003238359505559618
2019-11-14,0.001455490761212097
2019-11-15,0.007236713150966079
2019-11-18,0.0007372988756755294
2019-11-19,-0.00028809516965433435
2019-11-20,-0.003718957812043011
2019-11-21,-0.001608988366198938
2019-11-22,0.002224135472501443
2019-11-25,0.007749979067199986
2019-11-26,0.002265676796052052
2019-11-27,0.00445760369650583
2019-11-29,-0.0037086160719921324
2019-12-02,-0.008494594769849262
2019-12-03,-0.006706967535721309
2019-12-04,0.0061702774732870225
2019-12-05,0.0017979761620143808
2019-12-06,0.009134097039376954
2019-12-09,-0.0031441888307426336
2019-12-10,-0.0011148445561658393
2019-12-11,0.0028386826821569233
2019-12-12,0.008618817791205213
2019-12-13,0.000599514689640035
2019-12-16,0.0068698803239384265
2019-12-17,0.00021902588056321726
2019-12-18,6.27296859494475e-05
2019-12-19,0.004099059773452263
2019-12-20,0.004383932630356524
2019-12-23,0.0015277207119284153
2019-12-24,3.1517614614173795e-05
2019-12-26,0.005323095131262612
2019-12-27,-0.00024770422424391647
2019-12-30,-0.005513558152246301
2019-12-31,0.002429263177438079
2020-01-02,0.00935215636089426
2020-01-03,-0.007572116086917879
2020-01-06,0.0038151518391180694
2020-01-07,-0.002812286801803232
2020-01-08,0.00532972714158042
2020-01-09,0.006780677716728523
2020-01-10,-0.0028777230732401904
2020-01-13,0.006877552791996644
2020-01-14,-0.0015246529393743158
2020-01-15,0.0022597570316236215
2020-01-16,0.008318474083208294
2020-01-17,0.0031123108873114536
2020-01-21,-0.001958145566522851
2020-01-22,0.00012072686215902628
2020-01-23,0.001147118529316149
2020-01-24,-0.008893259402712017
2020-01-27,-0.01602930357217558
2020-01-28,0.010479043149049572
2020-01-29,-0.0008261291960517392
2020-01-30,0.003245153961535907
2020-01-31,-0.01815755758445603
2020-02-03,0.007428642703982025
2020-02-04,0.015241334660709871
2020-02-05,0.011547628095935902
2020-02-06,0.0033650104348039722
2020-02-07,-0.005329783468198346
2020-02-10,0.007465589317400267
2020-02-11,0.0017330094720471312
2020-02-12,0.006442643309526819
2020-02-13,-0.001066834428165242
2020-02-14,0.0016019112669800606
2020-02-18,-0.0025769321220118213
2020-02-19,0.004781169256635742
2020-02-20,-0.004108187554702658
2020-02-21,-0.010298257583642001
2020-02-24,-0.03316520757502639
2020-02-25,-0.030302222759332698
2020-02-26,-0.0036782868803861835
2020-02-27,-0.04491158101312298
2020-02-28,-0.004201623291869683
2020-03-02,0.04330660908819173
2020-03-03,-0.028632384562763624
2020-03-04,0.04203295085191194
2020-03-05,-0.03324192399449377
2020-03-06,-0.0165311159276752
2020-03-09,-0.07809449853492201
2020-03-10,0.05174516407486052
2020-03-11,-0.04874855421215141
2020-03-12,-0.09567713838604885
2020-03-13,0.0854862637703735
2020-03-16,-0.10942387196899317
2020-03-17,0.05399225500446403
2020-03-18,-0.05063288721296977
2020-03-19,0.0021248649930885044
2020-03-20,-0.043094129741825804
2020-03-23,-0.02556836948095098
2020-03-24,0.09060349662821632
2020-03-25,0.014970327519614468
2020-03-26,0.058389828439296965
2020-03-27,-0.029785805494495166
2020-03-30,0.032475646498607125
2020-03-31,-0.014905475765600307
2020-04-01,-0.04500491742432933
2020-04-02,0.02307556251391274
2020-04-03,-0.014454137477461049
2020-04-06,0.06716599591559747
2020-04-07,0.0010196478146198285
2020-04-08,0.03356814916324691
2020-04-09,0.015217854359255822
2020-04-13,-0.009130705605048584
2020-04-14,0.0294928322921999
2020-04-15,-0.021247888808377358
2020-04-16,0.004824033223620239
2020-04-17,0.027015901922721852
2020-04-20,-0.01761814327325628
2020-04-21,-0.03036307246893466
2020-04-22,0.022194058076666856
2020-04-23,-7.153089399147827e-05
2020-04-24,0.013938963767069712
2020-04-27,0.014418350129644653
2020-04-28,-0.004598244438785093
2020-04-29,0.026178245856025573
2020-04-30,-0.009310640435116868
2020-05-01,-0.026473480586410525
2020-05-04,0.002758453874953881
2020-05-05,0.009238943880517603
2020-05-06,-0.006778403370356401
2020-05-07,0.012066538403569416
2020-05-08,0.016546180116985942
2020-05-11,0.00020536982078023236
2020-05-12,-0.01993161027136303
2020-05-13,-0.017685712804110465
2020-05-14,0.011967167358106767
2020-05-15,0.004596952513377106
2020-05-18,0.03045973934145052
2020-05-19,-0.010271072269103732
2020-05-20,0.016987855174707578
2020-05-21,-0.006903970055961661
2020-05-22,0.0018992774414769986
2020-05-26,0.012320331763650882
2020-05-27,0.014879002935882069
2020-05-28,-0.0018448246467612783
2020-05-29,0.004455738541887078
2020-06-01,0.004041811770875148
2020-06-02,0.008280255950353865
2020-06-03,0.013308095934784214
2020-06-04,-0.0026264511898465015
2020-06-05,0.02562931796789303
2020-06-08,0.012087398943364747
2020-06-09,-0.007456524182074431
2020-06-10,-0.005580273401195601
2020-06-11,-0.05764871490720924
2020-06-12,0.011975839501547014
2020-06-15,0.0093355172582672
2020-06-16,0.01924763169108723
2020-06-17,-0.004153869085999684
2020-06-18,0.00038509064980774
2020-06-19,-0.005715093979575037
2020-06-22,0.006415239105884485
2020-06-23,0.004603830041065571
2020-06-24,-0.025508565672408667
2020-06-25,0.010720483062378161
2020-06-26,-0.023751501762862115
2020-06-29,0.01469758800305243
2020-06-30,0.012809364027072112
2020-07-01,0.0070046222853159534
2020-07-02,0.005507098252416132
2020-07-06,0.01543757424448522
2020-07-07,-0.010314078044895592
2020-07-08,0.00764851237080455
2020-07-09,-0.005692503674710192
2020-07-10,0.010210320288391639
2020-07-13,-0.008659022760462487
2020-07-14,0.012959019137050332
2020-07-15,0.009187354096180211
2020-07-16,-0.003293552204307937
2020-07-17,0.002898959366889997
2020-07-20,0.00808157393765141
2020-07-21,0.0021276863895558495
2020-07-22,0.005692007639108043
2020-07-23,-0.011931630696198181
2020-07-24,-0.00644025133096382
2020-07-27,0.007292105398325477
2020-07-28,-0.0063419606475355605
2020-07-29,0.012298298553703457
2020-07-30,-0.003567530574741795
2020-07-31,0.007902064502238515
2020-08-03,0.006952027837993535
2020-08-04,0.003862764341298286
2020-08-05,0.0062108308885096
2020-08-06,0.006684842684215875
2020-08-07,0.0007174737038049273
2020-08-10,0.0029890217638577354
2020-08-11,-0.008254694161096143
2020-08-12,0.013942395454567436
2020-08-13,-0.0018077778994511906
2020-08-14,2.9848201831716992e-05
2020-08-17,0.003176634624681318
2020-08-18,0.002160443275706969
2020-08-19,-0.004164101761423122
2020-08-20,0.003113824781865615
2020-08-21,0.0035471369600037495
2020-08-24,0.010133255809459785
2020-08-25,0.003499526055781521
2020-08-26,0.010025548087466474
2020-08-27,0.002186511985604156
2020-08-28,0.006459393488142506
2020-08-31,-0.003622865451416324
2020-09-01,0.009418916137655442
2020-09-02,0.014463691660625111
2020-09-03,-0.034413951988204405
2020-09-04,-0.008164967989771399
2020-09-08,-0.027322962781635707
2020-09-09,0.01974734259611921
2020-09-10,-0.017363416793693798
2020-09-11,0.0005089255973482754
2020-09-14,0.01317155725135244
2020-09-15,0.005052093813079361
2020-09-16,-0.003968527755081164
2020-09-17,-0.008795239728752846
2020-09-18,-0.011512672626290965
2020-09-21,-0.011129532462526459
2020-09-22,0.010184399832231517
2020-09-23,-0.023191164789650665
2020-09-24,0.0026655958830459348
2020-09-25,0.016166923738788697
2020-09-28,0.01660943356860778
2020-09-29,-0.005446088002337368
2020-09-30,0.007582014437595319
2020-10-01,0.006420176414412726
2020-10-02,-0.009494749200101182
2020-10-05,0.017733318489676186
2020-10-06,-0.014216042487234848
2020-10-07,0.017406621930998734
2020-10-08,0.008862530478678243
2020-10-09,0.008930316902144853
2020-10-12,0.016087319098828434
2020-10-13,-0.006526107036576856
2020-10-14,-0.006283165344038166
2020-10-15,-0.001235967736882504
2020-10-16,-0.0006044821624853203
2020-10-19,-0.015203347215147711
2020-10-20,0.004005932966236303
2020-10-21,-0.0018931464179517965
2020-10-22,0.005485402355920099
2020-10-23,0.003395120214941816
2020-10-26,-0.018479801843489074
2020-10-27,-0.0034476287213717205
2020-10-28,-0.03417892599516714
2020-10-29,0.010163713540552122
2020-10-30,-0.010424911376264001
2020-11-02,0.011208482725475699
2020-11-03,0.017655765372507126
2020-11-04,0.022349199426120903
2020-11-05,0.019502850343809275
2020-11-06,-0.0002284461695238882
2020-11-09,0.012565722581789673
2020-11-10,-0.0014665764015652227
2020-11-11,0.00742850418274732
2020-11-12,-0.009700680292147101
2020-11-13,0.013844158084673097
2020-11-16,0.012482669580481387
2020-11-17,-0.0053782973017417746
2020-11-18,-0.01203472944619377
2020-11-19,0.004210035487560049
2020-11-20,-0.006847703520553972
2020-11-23,0.005994407708056482
2020-11-24,0.016113699675686988
2020-11-25,-0.0015416154828632456
2020-11-27,0.0027850767901365092
2020-11-30,-0.004427189528652731
2020-12-01,0.010937327140465802
2020-12-02,0.0021037186296739563
2020-12-03,-0.0002726506105950044
2020-12-04,0.008617697164439386
2020-12-07,-0.0020549471327588886
2020-12-08,0.002926116948074764
2020-12-09,-0.008968974583574152
2020-12-10,-0.0003269303726012307
2020-12-11,-0.001172607292045269
2020-12-14,-0.004477057299700715
2020-12-15,0.013519124813224703
2020-12-16,0.001569500034111826
2020-12-17,0.005591961369274756
2020-12-18,-0.003992836708060943
2020-12-21,-0.003575459679820314
2020-12-22,-0.0016855433419971089
2020-12-23,0.0008984979514281566
2020-12-24,0.0038905889159619456
2020-12-28,0.008590835426296461
2020-12-29,-0.0019075907724117602
2020-12-30,0.0014267386721869002
2020-12-31,0.0050808156584600805
2021-01-04,-0.013614018519975901
2021-01-05,0.006887218647650739
2021-01-06,0.005978360490277668
2021-01-07,0.014857605353029824
2021-01-08,0.005697756323577385
2021-01-11,-0.006740930981280369
2021-01-12,0.00021133643880499875
2021-01-13,0.0026930208286402024
2021-01-14,-0.0035020002883686674
2021-01-15,-0.00729260031968515
2021-01-19,0.007851830452046071
2021-01-20,0.013838818055597946
2021-01-21,0.0009117319014277925
2021-01-22,-0.003539633868005043
2021-01-25,0.003943870649171455
2021-01-26,-0.0015610089659782167
2021-01-27,-0.0244404624212462
2021-01-28,0.008600386168655216
2021-01-29,-0.020019729884975357
2021-02-01,0.0166455870033253
2021-02-02,0.014140114758361966
2021-02-03,0.0007863141411106334
2021-02-04,0.011365756327971877
2021-02-05,0.003936056686801193
2021-02-08,0.007221906390358912
2021-02-09,-0.0006659700840043747
2021-02-10,-0.0004357031642554521
2021-02-11,0.0016151762198992614
2021-02-12,0.0049397139024141
2021-02-16,-0.0008659355284355019
2021-02-17,0.00022942179041995914
2021-02-18,-0.004255868680527408
2021-02-19,-0.0017660686560340144
2021-02-22,-0.007691677751190951
2021-02-23,0.0012143396483330626
2021-02-24,0.011019404603545002
2021-02-25,-0.02409575616381865
2021-02-26,-0.005152645597360617
2021-03-01,0.024240041050289207
2021-03-02,-0.0078033615655428434
2021-03-03,-0.013245438634209572
2021-03-04,-0.01237463072989009
2021-03-05,0.01839643273716951
2021-03-08,-0.0049786382654820605
2021-03-09,0.014277269693884431
2021-03-10,0.006224533609618943
2021-03-11,0.010139276270921371
2021-03-12,0.001346724313877612
2021-03-15,0.005963462931761088
2021-03-16,-0.0012613142211322925
2021-03-17,0.003410030954189347
2021-03-18,-0.01454986853420781
2021-03-19,-0.0018499917492355022
2021-03-22,0.007984609071160387
2021-03-23,-0.007870563003722353
2021-03-24,-0.0050834481779507
2021-03-25,0.005625720211255292
2021-03-26,0.016114476103721298
2021-03-29,-0.000504856663498976
2021-03-30,-0.0026528448572756824
2021-03-31,0.0040532927927006135
2021-04-01,0.010798910900434278
2021-04-05,0.014353201043886932
2021-04-06,-0.000590513091243805
2021-04-07,0.0011572518562126266
2021-04-08,0.004746757581804761
2021-04-09,0.007270038170831272
2021-04-12,0.0003647467152403383
2021-04-13,0.0029637728638571836
2021-04-14,-0.003415157410974423
2021-04-15,0.010742301423244172
2021-04-16,0.003342486031381098
2021-04-19,-0.004912918883734241
2021-04-20,-0.007321788668355866
2021-04-21,0.009462154937895262
2021-04-22,-0.009132791296076803
2021-04-23,0.010842180567113946
2021-04-26,0.0020876441476489482
2021-04-27,-0.00021551596331892409
2021-04-28,-0.0002872864843298517
2021-04-29,0.006372707107711317
2021-04-30,-0.0065705821521357954
2021-05-03,0.0021568388290647
2021-05-04,-0.006169303817564531
2021-05-05,0.0003127477765625386
2021-05-06,0.007985546462658144
2021-05-07,0.007277909571751895
2021-05-10,-0.009902148028289592
2021-05-11,-0.008924842223363094
2021-05-12,-0.021245233418527132
2021-05-13,0.012012433689920776
2021-05-14,0.015355406046155817
2021-05-17,-0.0025447141682585217
2021-05-18,-0.00861553614973476
2021-05-19,-0.002621788291544691
2021-05-20,0.010758046347539185
2021-05-21,-0.000818878909575993
2021-05-24,0.010194508056775131
2021-05-25,-0.002218968950604361
2021-05-26,0.001984637736804018
2021-05-27,0.0005249382200356312
2021-05-28,0.0017887962924967304
2021-06-01,-0.0008809705322494477
2021-06-02,0.001572640924086155
2021-06-03,-0.0037113076620792773
2021-06-04,0.00914580673756249
2021-06-07,-0.000970090732514528
2021-06-08,0.00021310081443726148
2021-06-09,-0.0014916193831810975
2021-06-10,0.004648006837849827
2021-06-11,0.0016526301311612368
2021-06-14,0.002238858467098037
2021-06-15,-0.0018340263963407821
2021-06-16,-0.005583657913132423
2021-06-17,-0.00033148446214836813
2021-06-18,-0.013490037805157229
2021-06-21,0.014315688321114184
2021-06-22,0.005346145437165939
2021-06-23,-0.0012053408066203808
2021-06-24,0.005915618547204904
2021-06-25,0.003552412389426829
2021-06-28,0.0020157925703232493
2021-06-29,0.0005380943360975277
2021-06-30,0.0008417156205606791
2021-07-01,0.005536659522451082
2021-07-02,0.007643371987724246
2021-07-06,-0.0018214441102047951
2021-07-07,0.0035340012770299634
2021-07-08,-0.008147962471123704
2021-07-09,0.010674821341381868
2021-07-12,0.003581893205440112
2021-07-13,-0.0034088223797924533
2021-07-14,0.0014921781812262669
2021-07-15,-0.003415609191053215
2021-07-16,-0.007843618903368044
2021-07-19,-0.014767838921876941
2021-07-20,0.014330391637605189
2021-07-21,0.008096343877575629
2021-07-22,0.002093914709393907
2021-07-23,0.010288156544427718
2021-07-26,0.0024548184865824663
2021-07-27,-0.004557516440759635
2021-07-28,-0.00041016341135213796
2021-07-29,0.004147503297308397
2021-07-30,-0.004856469608700009
2021-08-02,-0.0020981886827725615
2021-08-03,0.008135700554916303
2021-08-04,-0.004919214881083378
2021-08-05,0.006333034839571372
2021-08-06,0.0016524973620035688
2021-08-09,-0.0008135083341480609
2021-08-10,0.0012438453274075112
2021-08-11,0.0024848203063385643
2021-08-12,0.002997198945154489
2021-08-13,0.0018196377565822264
2021-08-16,0.0023545970581340114
2021-08-17,-0.006555250682331426
2021-08-18,-0.010944942185634021
2021-08-19,0.0015483889861969136
2021-08-20,0.007957108805142887
2021-08-23,0.008796604723609214
2021-08-24,0.0015872978987365727
2021-08-25,0.002098324950715824
2021-08-26,-0.005903177043724561
2021-08-27,0.008940899421904902
2021-08-30,0.0043976513253944916
2021-08-31,-0.0014815144657376322
2021-09-01,0.0005314694811076048
2021-09-02,0.0030765578812497196
2021-09-03,-0.0002425976018169962
2021-09-07,-0.00357568824471699
2021-09-08,-0.0012181398374461194
2021-09-09,-0.004280358281200991
2021-09-10,-0.007884529605543422
2021-09-13,0.0025594015808338977
2021-09-14,-0.00539650688909199
2021-09-15,0.008352494820091705
2021-09-16,-0.0015852458715621687
2021-09-17,-0.009741135819893887
2021-09-20,-0.016674215371706214
2021-09-21,-0.0009446267046208101
2021-09-22,0.009755041366494188
2021-09-23,0.012149718736861548
2021-09-24,0.0016473486124977121
2021-09-27,-0.0028609430835915273
2021-09-28,-0.02015179067620465
2021-09-29,0.0016832791262713087
2021-09-30,-0.012222501179482426
2021-10-01,0.01188426381064911
2021-10-04,-0.012895998093723215
2021-10-05,0.010404646980471055
2021-10-06,0.004156214272547087
2021-10-07,0.008645702195584137
2021-10-08,-0.0018235959499460774
2021-10-11,-0.00723990646202044
2021-10-12,-0.0024616370500842866
2021-10-13,0.003597822207687784
2021-10-14,0.01682043470080541
2021-10-15,0.007616080587313334
2021-10-18,0.0029604072219122646
2021-10-19,0.007715027318685674
2021-10-20,0.0039274843294330175
2021-10-21,0.002608389799305888
2021-10-22,-0.0010363874787262528
2021-10-25,0.005363010482374531
2021-10-26,0.0008998103369524113
2021-10-27,-0.004429894931651468
2021-10-28,0.009648658841841407
2021-10-29,0.002029273185790048
2021-11-01,0.0017201236204908987
2021-11-02,0.004043301675711541
2021-11-03,0.006105118988875002
2021-11-04,0.004712281561470633
2021-11-05,0.0034697902545075543
2021-11-08,0.0008536684213373835
2021-11-09,-0.003305437062858574
2021-11-10,-0.008044879590034415
2021-11-11,0.00032353347436675506
2021-11-12,0.007547068389526235
2021-11-15,0.0003423465420020477
2021-11-16,0.003957698204386739
2021-11-17,-0.002429073824623651
2021-11-18,0.003396217437586113
2021-11-19,-0.0017881655202759417
2021-11-22,-0.002815136320513001
2021-11-23,0.0013259928033557689
2021-11-24,0.0026698413315280334
2021-11-26,-0.02230318443715784
2021-11-29,0.012266603801521336
2021-11-30,-0.019457678610016682
2021-12-01,-0.011107273444412424
2021-12-02,0.015316398940147025
2021-12-03,-0.008701232874026466
2021-12-06,0.011843310006109942
2021-12-07,0.020684903299160284
2021-12-08,0.002647964524189028
2021-12-09,-0.006751715597038799
2021-12-10,0.0094135615518256
2021-12-13,-0.008858301224607734
2021-12-14,-0.006880102742867655
2021-12-15,0.01562503056881326
2021-12-16,-0.008818420048381959
2021-12-17,-0.010643060490514
2021-12-20,-0.010633238476261964
2021-12-21,0.017758895402307795
2021-12-22,0.009998846927339988
2021-12-23,0.006221929369278012
2021-12-27,0.014152104963821799
2021-12-28,-0.0008170703414619451
2021-12-29,0.0012791413630828252
2021-12-30,-0.0027644075817727654
2021-12-31,-0.002520292190468454
2022-01-03,0.005789982560563622
2022-01-04,-0.00033490814676395697
2022-01-05,-0.01920222595653076
2022-01-06,-0.0009393951020167934
2022-01-07,-0.003953471456400792
2022-01-10,-0.0012443523245480037
2022-01-11,0.009108181249625646
2022-01-12,0.0027035812475786347
2022-01-13,-0.01377858778019958
2022-01-14,0.0004091393010627886
2022-01-18,-0.017709854134948966
2022-01-19,-0.010383474529853443
2022-01-20,-0.011067966892225778
2022-01-21,-0.019630742579859528
2022-01-24,0.004246817336248876
2022-01-25,-0.012209064747747633
2022-01-26,-0.0025086913859598825
2022-01-27,-0.004937840383807068
2022-01-28,0.02483535911866741
2022-01-31,0.018010992920900026
2022-02-01,0.0067568711026462225
2022-02-02,0.009714103413440922
2022-02-03,-0.023504989323833825
2022-02-04,0.004702168201536017
2022-02-07,-0.0032091219824423867
2022-02-08,0.008227740997006405
2022-02-09,0.014635961132652087
2022-02-10,-0.017965420040931157
2022-02-11,-0.01971885980636423
2022-02-14,-0.0032691575363742453
2022-02-15,0.01612661547794403
2022-02-16,0.0011209738326376506
2022-02-17,-0.021361342385187165
2022-02-18,-0.006475056622974318
2022-02-22,-0.010731725800921188
2022-02-23,-0.017738694754291462
2022-02-24,0.015049186028534667
2022-02-25,0.02206411521702556
2022-02-28,-0.002558729806372173
2022-03-01,-0.015230092096541248
2022-03-02,0.0183960923835349
2022-03-03,-0.004978416742498548
2022-03-04,-0.008124563409491081
2022-03-07,-0.02947931595505171
2022-03-08,-0.007581570825478612
2022-03-09,0.026810723483319254
2022-03-10,-0.00451549039428889
2022-03-11,-0.012714917678630866
2022-03-14,-0.007308659573463161
2022-03-15,0.02199062101773719
2022-03-16,0.022174238303017457
2022-03-17,0.012510860083026598
2022-03-18,0.010952680919142255
2022-03-21,-0.00029230681739089714
2022-03-22,0.011701264249238674
2022-03-23,-0.012878207614124615
2022-03-24,0.015074380141332
2022-03-25,0.004883514102555164
2022-03-28,0.007113048209397066
2022-03-29,0.012370728783633655
2022-03-30,-0.006174587616373239
2022-03-31,-0.015391405894761512
2022-04-01,0.002834187397048993
2022-04-04,0.008566586414464838
2022-04-05,-0.012631496829276334
2022-04-06,-0.009999354654916859
2022-04-07,0.005039011317139019
2022-04-08,-0.0026738598362515686
2022-04-11,-0.017092284467122854
2022-04-12,-0.003705419615760208
2022-04-13,0.011453697296400778
2022-04-14,-0.01245172298362518
2022-04-18,0.0004111859625799408
2022-04-19,0.016142678181212178
2022-04-20,-0.00074169281284997
2022-04-21,-0.01495342229646024
2022-04-22,-0.027439235473146195
2022-04-25,0.005797752646130583
2022-04-26,-0.028960892006432037
2022-04-27,0.0028116808426881246
2022-04-28,0.025259535867310667
2022-04-29,-0.036955779425940416
2022-05-02,0.00601952681101614
2022-05-03,0.004583890835842208
2022-05-04,0.030452968293300797
2022-05-05,-0.035542613423621416
2022-05-06,-0.005969102433528439
2022-05-09,-0.03201723357115427
2022-05-10,0.0023105866224426563
2022-05-11,-0.015886429532860236
2022-05-12,-0.0010435288192638392
2022-05-13,0.023907697758459134
2022-05-16,-0.0040574523532166396
2022-05-17,0.02057023855373674
2022-05-18,-0.04031150107777859
2022-05-19,-0.00612461763716865
2022-05-20,0.00043661162293662237
2022-05-23,0.018709892411927775
2022-05-24,-0.007633675001764484
2022-05-25,0.008834889550407787
2022-05-26,0.01998138582297071
2022-05-27,0.02454909632786806
2022-05-31,-0.00561095991755467
2022-06-01,-0.008088547821062164
2022-06-02,0.019043513391589828
2022-06-03,-0.016411630379042585
2022-06-06,0.003044988077165467
2022-06-07,0.009592102128723079
2022-06-08,-0.01087212993207165
2022-06-09,-0.023782849718506416
2022-06-10,-0.028995617164243925
2022-06-13,-0.03796816629278599
2022-06-14,-0.003013576489283354
2022-06-15,0.014256611785987694
2022-06-16,-0.03309616938062565
2022-06-17,0.002155711776554714
2022-06-21,0.025173832218100767
2022-06-22,-0.0018130789461618946
2022-06-23,0.009802507697021401
2022-06-24,0.03179394732245666
2022-06-27,-0.0038196086653872197
2022-06-28,-0.020432982430057978
2022-06-29,-0.0008144627587093334
2022-06-30,-0.008124322938005801
2022-07-01,0.010576567852204732
2022-07-05,0.0018885681775380192
2022-07-06,0.003377302884675526
2022-07-07,0.014977249731377817
2022-07-08,-0.0008226863520837124
2022-07-11,-0.011423440398081852
2022-07-12,-0.008849110550747219
2022-07-13,-0.005251689751968991
2022-07-14,-0.0024282454525450525
2022-07-15,0.01910496945801321
2022-07-18,-0.008256932455631638
2022-07-19,0.02701921143681396
2022-07-20,0.006372979819523117
2022-07-21,0.010183350275433822
2022-07-22,-0.009278305976192391
2022-07-25,0.0012151795968493584
2022-07-26,-0.01183119238960506
2022-07-27,0.02596648026019066
2022-07-28,0.012542370797067326
2022-07-29,0.014578703389710235
2022-08-01,-0.0029612125923047516
2022-08-02,-0.006597305164207978
2022-08-03,0.015659441194241452
2022-08-04,-0.0006754846961996019
2022-08-05,-0.0016903171372378845
2022-08-08,-0.0011608512444413188
2022-08-09,-0.0039709288615964455
2022-08-10,0.021003864767169977
2022-08-11,0.0
2022-08-12,0.016929026508347933
2022-08-15,0.004120768401313812
2022-08-16,0.0019587372592657637
2022-08-17,-0.007097991045177943
2022-08-18,0.0029063751779752067
2022-08-19,-0.013438010187776794
2022-08-22,-0.020822564188151205
2022-08-23,-0.002419297107689955
2022-08-24,0.0032013224977693877
2022-08-25,0.0141174791147054
2022-08-26,-0.0338490043835703
2022-08-29,-0.0066120656034476255
2022-08-30,-0.010977971915869023
2022-08-31,-0.007609109990590834
2022-09-01,0.0031379043398653828
2022-09-02,-0.010544394228683585
2022-09-06,-0.0037731834630141403
2022-09-07,0.01796507688904736
2022-09-08,0.006536125038381746
2022-09-09,0.015535341401984759
2022-09-12,0.010747524689700638
2022-09-13,-0.04348223495262149
2022-09-14,0.0038155995840372103
2022-09-15,-0.011352971748353258
2022-09-16,-0.007629156299321926
2022-09-19,0.007754810060135009
2022-09-20,-0.011478474197955113
2022-09-21,-0.01744383690178153
2022-09-22,-0.008399748736010793
2022-09-23,-0.01675490487599729
2022-09-26,-0.009892706794080719
2022-09-27,-0.002552689993707391
2022-09-28,0.019676499972397066
2022-09-29,-0.020889007212244626
2022-09-30,-0.015463734907401605
2022-10-03,0.02640140108856892
2022-10-04,0.03098659944189497
2022-10-05,-0.002328211105766087
2022-10-06,-0.010315753274794282
2022-10-07,-0.02789388252783931
2022-10-10,-0.007635561412353775
2022-10-11,-0.006332818318089184
2022-10-12,-0.0032986082013027884
2022-10-13,0.026391047037116477
2022-10-14,-0.022788521032862996
2022-10-17,0.025696835679870356
2022-10-18,0.011749630680309098
2022-10-19,-0.0070864640913413934
2022-10-20,-0.008385328004144599
2022-10-21,0.024301620366955934
2022-10-24,0.012236175284546569
2022-10-25,0.015968768056503935
2022-10-26,-0.007534048798271575
2022-10-27,-0.005339891499068439
2022-10-28,0.023790466892235296
2022-10-31,-0.007223207659718733
2022-11-01,-0.0043758126869086755
2022-11-02,-0.02509626938357823
2022-11-03,-0.010296785959522214
2022-11-04,0.014393105228596381
2022-11-07,0.009565382087757479
2022-11-08,0.005395593474151417
2022-11-09,-0.020602096310596507
2022-11-10,0.054954168771887524
2022-11-11,0.00967854724178463
2022-11-14,-0.008506635394892492
2022-11-15,0.008528928528331203
2022-11-16,-0.007628680612096872
2022-11-17,-0.003059945115999829
2022-11-18,0.004540379689807805
2022-11-21,-0.003635938720311316
2022-11-22,0.013456860042819985
2022-11-23,0.00630173504273035
2022-11-25,-0.00022389032623393312
2022-11-28,-0.015957085872646437
2022-11-29,-0.0017173014699449762
2022-11-30,0.03150041670889703
2022-12-01,-0.0007357595902214298
2022-12-02,-0.0011536561843087378
2022-12-05,-0.017989324349670266
2022-12-06,-0.014414821108928555
2022-12-07,-0.0017011048759580927
2022-12-08,0.007833743894413159
2022-12-09,-0.007470213519645719
2022-12-12,0.01441733281573021
2022-12-13,0.0075696807302145785
2022-12-14,-0.006393296048429087
2022-12-15,-0.0244617703040112
2022-12-16,-0.01180616292951775
2022-12-19,-0.008479504116869707
2022-12-20,0.0013684035617589352
2022-12-21,0.014952447050369022
2022-12-22,-0.014266185239049212
2022-12-23,0.005752154608469784
2022-12-27,-0.003943477186275968
2022-12-28,-0.012427811101066943
2022-12-29,0.018000277639243834
2022-12-30,-0.002634071978537933
2023-01-03,-0.004209922842847269
2023-01-04,0.007720240950014778
2023-01-05,-0.01141334210459699
2023-01-06,0.02293222908731174
2023-01-09,-0.0005670795745496005
2023-01-10,0.007012956100391099
2023-01-11,0.012647710517460276
2023-01-12,0.0036408419648714663
2023-01-13,0.003879478949539994
2023-01-17,-0.0018318629593788716
2023-01-18,-0.015788009741999787
2023-01-19,-0.007279926607129394
2023-01-20,0.018629156101319877
2023-01-23,0.011998422098069117
2023-01-24,-0.001073114758775029
2023-01-25,0.0003747481912688144
2023-01-26,0.010990425297223938
2023-01-27,0.0022976493195567826
2023-01-30,-0.012546866159404813
2023-01-31,0.014703424395516196
2023-02-01,0.010627783882826813
2023-02-02,0.014556924264920168
2023-02-03,-0.010628999928854577
2023-02-06,-0.0061114024797921385
2023-02-07,0.013078573071926503
2023-02-08,-0.010934730431642947
2023-02-09,-0.008669064973456764
2023-02-10,0.0023334951541489346
2023-02-13,0.01173904691347305
2023-02-14,-0.00046017933767084074
2023-02-15,0.003247281314564532
2023-02-16,-0.013768794408585583
2023-02-17,-0.002498229824391407
2023-02-21,-0.02006083794596547
2023-02-22,-0.0013782697313480252
2023-02-23,0.005319548926085105
2023-02-24,-0.010682562131907103
2023-02-27,0.0034058789937423395
2023-02-28,-0.003695882996112565
2023-03-01,-0.003835938268625716
2023-03-02,0.007777421133806639
2023-03-03,0.01603788702715825
2023-03-06,0.0006925354077087498
2023-03-07,-0.015328607749772849
2023-03-08,0.0016318845628200407
2023-03-09,-0.018449757219721974
2023-03-10,-0.014429389782276036
2023-03-13,-0.001425177365643071
2023-03-14,0.016529997966775678
2023-03-15,-0.006254395107935351
2023-03-16,0.01754534192693913
2023-03-17,-0.011692824731136642
2023-03-20,0.009615786196128795
2023-03-21,0.01313032896507127
2023-03-22,-0.01704645909124136
2023-03-23,0.002703396138878933
2023-03-24,0.006562134349923365
2023-03-27,0.001869704993221477
2023-03-28,-0.0022445479635626597
2023-03-29,0.014534801683436571
2023-03-30,0.005855273832256813
2023-03-31,0.014094477418517881
2023-04-03,0.0038106578833114746
2023-04-04,-0.0055481028622010875
2023-04-05,-0.0026182272948183094
2023-04-06,0.0039007942961639674
2023-04-10,0.0010264982790058053
2023-04-11,0.00026854152610966686
2023-04-12,-0.004076057590475246
2023-04-13,0.013282628468278324
2023-04-14,-0.0024425767291348377
2023-04-17,0.0035882988195581333
2023-04-18,0.0006521064949882582
2023-04-19,-0.00016897143810046256
2023-04-20,-0.0054571037463702066
2023-04-21,0.0007770738041970038
2023-04-24,0.0010430944157351352
2023-04-25,-0.015873924680064655
2023-04-26,-0.004235493863818274
2023-04-27,0.01990795468783957
2023-04-28,0.008535293091842089
2023-05-01,-0.0010097881011376098
2023-05-02,-0.011239387078423091
2023-05-03,-0.006863797388996451
2023-05-04,-0.007083002097174496
2023-05-05,0.018512560979732084
2023-05-08,0.00026642280855160294
2023-05-09,-0.004385227219350307
2023-05-10,0.004672374995555284
2023-05-11,-0.001744001614231827
2023-05-12,-0.0013101712431340395
2023-05-15,0.0034501179033610274
2023-05-16,-0.006682774140765346
2023-05-17,0.012138984640229333
2023-05-18,0.009633151171123844
2023-05-19,-0.0014550813783380523
2023-05-22,0.00040615493964790694
2023-05-23,-0.01122287584739845
2023-05-24,-0.00724473527800229
2023-05-25,0.008659866052614262
2023-05-26,0.012950619874407376
2023-05-30,0.0003810823521899209
2023-05-31,-0.005545304315067612
2023-06-01,0.009500996898118785
2023-06-02,0.014461246099252811
2023-06-05,-0.0019163533102455332
2023-06-06,0.0021775033235322816
2023-06-07,-0.0034578449626688768
2023-06-08,0.006048758569785262
2023-06-09,0.0017941364078726263
2023-06-12,0.009071882571228373
2023-06-13,0.006592884394577725
2023-06-14,0.0011909406808983114
2023-06-15,0.01239765738351295
2023-06-16,-0.0034061828778929604
2023-06-20,-0.0051881126413694245
2023-06-21,-0.005123923161333477
2023-06-22,0.003609826627912094
2023-06-23,-0.0075600250367043875
2023-06-26,-0.004085673159239578
2023-06-27,0.010963195674550619
2023-06-28,0.0005043897512511109
2023-06-29,0.003941383384699959
2023-06-30,0.01180067258159112
